"コード","銘柄名","市場"
"1301","極洋","東P"
"1332","ニッスイ","東P"
"1333","マルハニチロ","東P"
"1375","雪国まいたけ","東P"
"1377","サカタのタネ","東P"
"1379","ホクト","東P"
"1414","ショーボンドＨＬＤＧ","東P"
"1417","ミライト・ワン","東P"
"1419","タマホーム","東P"
"1429","日本アクア","東P"
"1430","ファーストコーポレーション","東P"
"1433","ベステラ","東P"
"1435","Ｒｏｂｏｔ　Ｈｏｍｅ","東P"
"1515","日鉄鉱業","東P"
"1518","三井松島ＨＬＤＧ","東P"
"1605","ＩＮＰＥＸ","東P"
"1662","石油資源開発","東P"
"1663","Ｋ＆Ｏエナジーグループ","東P"
"1712","ダイセキ環境ソリューション","東P"
"1716","第一カッター興業","東P"
"1719","安藤・間","東P"
"1720","東急建設","東P"
"1721","コムシスＨＬＤＧ","東P"
"1726","ビーアールＨＬＤＧ","東P"
"1762","高松コンストラクショングループ","東P"
"1766","東建コーポレーション","東P"
"1773","ワイ・ティー・エル","東P"
"1780","ヤマウラ","東P"
"1786","オリエンタル白石","東P"
"1801","大成建設","東P"
"1802","大林組","東P"
"1803","清水建設","東P"
"1805","飛島建設","東P"
"1808","長谷工コーポレーション","東P"
"1810","松井建設","東P"
"1812","鹿島建設","東P"
"1813","不動テトラ","東P"
"1814","大末建設","東P"
"1815","鉄建建設","東P"
"1820","西松建設","東P"
"1821","三井住友建設","東P"
"1822","大豊建設","東P"
"1833","奥村組","東P"
"1835","東鉄工業","東P"
"1847","イチケン","東P"
"1852","淺沼組","東P"
"1860","戸田建設","東P"
"1861","熊谷組","東P"
"1870","矢作建設工業","東P"
"1871","ピーエス三菱","東P"
"1873","日本ハウスＨＬＤＧ","東P"
"1878","大東建託","東P"
"1879","新日本建設","東P"
"1882","東亜道路工業","東P"
"1884","日本道路","東P"
"1885","東亜建設工業","東P"
"1887","日本国土開発","東P"
"1888","若築建設","東P"
"1890","東洋建設","東P"
"1893","五洋建設","東P"
"1898","世紀東急工業","東P"
"1899","福田組","東P"
"1911","住友林業","東P"
"1925","大和ハウス工業","東P"
"1926","ライト工業","東P"
"1928","積水ハウス","東P"
"1929","日特建設","東P"
"1930","北陸電気工事","東P"
"1934","ユアテック","東P"
"1938","日本リーテック","東P"
"1939","四電工","東P"
"1941","中電工","東P"
"1942","関電工","東P"
"1944","きんでん","東P"
"1945","東京エネシス","東P"
"1946","トーエネック","東P"
"1949","住友電設","東P"
"1950","日本電設工業","東P"
"1951","エクシオグループ","東P"
"1952","新日本空調","東P"
"1954","日本工営","東P"
"1959","九電工","東P"
"1961","三機工業","東P"
"1963","日揮ＨＬＤＧ","東P"
"1964","中外炉工業","東P"
"1968","太平電業","東P"
"1969","高砂熱学工業","東P"
"1973","ＮＥＣネッツエスアイ","東P"
"1975","朝日工業社","東P"
"1976","明星工業","東P"
"1979","大氣社","東P"
"1980","ダイダン","東P"
"1982","日比谷総合設備","東P"
"2001","ニップン","東P"
"2002","日清製粉グループ本社","東P"
"2004","昭和産業","東P"
"2053","中部飼料","東P"
"2060","フィード・ワン","東P"
"2108","日本甜菜製糖","東P"
"2109","ＤＭ三井製糖ＨＬＤＧ","東P"
"2117","ウェルネオシュガー","東P"
"2120","ＬＩＦＵＬＬ","東P"
"2121","ＭＩＸＩ","東P"
"2124","ジェイエイシーリクルートメント","東P"
"2127","日本Ｍ＆ＡセンターＨＬＤＧ","東P"
"2130","メンバーズ","東P"
"2146","ＵＴグループ","東P"
"2148","アイティメディア","東P"
"2153","Ｅ・Ｊ　ＨＬＤＧ","東P"
"2154","オープンアップグループ","東P"
"2157","コシダカＨＬＤＧ","東P"
"2163","アルトナー","東P"
"2168","パソナグループ","東P"
"2170","リンクアンドモチベーション","東P"
"2175","エス・エム・エス","東P"
"2180","サニーサイドアップグループ","東P"
"2181","パーソルＨＬＤＧ","東P"
"2183","リニカル","東P"
"2196","エスクリ","東P"
"2198","アイ・ケイ・ケイＨＬＤＧ","東P"
"2201","森永製菓","東P"
"2204","中村屋","東P"
"2206","江崎グリコ","東P"
"2207","名糖産業","東P"
"2209","井村屋グループ","東P"
"2211","不二家","東P"
"2212","山崎製パン","東P"
"2217","モロゾフ","東P"
"2220","亀田製菓","東P"
"2222","寿スピリッツ","東P"
"2229","カルビー","東P"
"2264","森永乳業","東P"
"2266","六甲バター","東P"
"2267","ヤクルト本社","東P"
"2269","明治ＨＬＤＧ","東P"
"2270","雪印メグミルク","東P"
"2281","プリマハム","東P"
"2282","日本ハム","東P"
"2288","丸大食品","東P"
"2292","Ｓ　ＦＯＯＤＳ","東P"
"2294","柿安本店","東P"
"2296","伊藤ハム米久ＨＬＤＧ","東P"
"2301","学情","東P"
"2305","スタジオアリス","東P"
"2307","クロスキャット","東P"
"2309","シミックＨＬＤＧ","東P"
"2311","エプコ","東P"
"2317","システナ","東P"
"2325","ＮＪＳ","東P"
"2326","デジタルアーツ","東P"
"2327","日鉄ソリューションズ","東P"
"2331","綜合警備保障","東P"
"2335","キューブシステム","東P"
"2337","いちご","東P"
"2353","日本駐車場開発","東P"
"2359","コア","東P"
"2371","カカクコム","東P"
"2372","アイロムグループ","東P"
"2374","セントケアＨＬＤＧ","東P"
"2378","ルネサンス","東P"
"2379","ディップ","東P"
"2384","ＳＢＳ　ＨＬＤＧ","東P"
"2389","デジタルＨＬＤＧ","東P"
"2395","新日本科学","東P"
"2410","キャリアデザインセンター","東P"
"2412","ベネフィット・ワン","東P"
"2413","エムスリー","東P"
"2418","ツカダ・グローバルＨＬＤＧ","東P"
"2424","ブラス","東P"
"2427","アウトソーシング","東P"
"2428","ウェルネット","東P"
"2429","ワールドＨＬＤＧ","東P"
"2432","ディー・エヌ・エー","東P"
"2433","博報堂ＤＹ　ＨＬＤＧ","東P"
"2440","ぐるなび","東P"
"2445","タカミヤ","東P"
"2453","ジャパンベストレスキュー","東P"
"2461","ファンコミュニケーションズ","東P"
"2462","ライク","東P"
"2464","ビジネス・ブレークスルー","東P"
"2471","エスプール","東P"
"2475","ＷＤＢ　ＨＬＤＧ","東P"
"2477","手間いらず","東P"
"2489","アドウェイズ","東P"
"2491","バリューコマース","東P"
"2492","インフォマート","東P"
"2501","サッポロＨＬＤＧ","東P"
"2502","アサヒグループＨＬＤＧ","東P"
"2503","キリンＨＬＤＧ","東P"
"2531","宝ＨＬＤＧ","東P"
"2533","オエノンＨＬＤＧ","東P"
"2540","養命酒製造","東P"
"2579","コカ・コーラボトラーズＪＰＨＤ","東P"
"2587","サントリー食品インターナショナ","東P"
"2590","ダイドーグループＨＬＤＧ","東P"
"2593","伊藤園","東P"
"2594","キーコーヒー","東P"
"2602","日清オイリオグループ","東P"
"2607","不二製油グループ本社","東P"
"2613","Ｊ―オイルミルズ","東P"
"2651","ローソン","東P"
"2659","サンエー","東P"
"2664","カワチ薬品","東P"
"2670","エービーシー・マート","東P"
"2674","ハードオフコーポレーション","東P"
"2676","高千穂交易","東P"
"2678","アスクル","東P"
"2681","ゲオＨＬＤＧ","東P"
"2685","アダストリア","東P"
"2692","伊藤忠食品","東P"
"2695","くら寿司","東P"
"2715","エレマテック","東P"
"2722","ＩＫＨＬＤＧ","東P"
"2726","パルグループＨＬＤＧ","東P"
"2730","エディオン","東P"
"2733","あらた","東P"
"2734","サーラコーポレーション","東P"
"2735","ワッツ","東P"
"2737","トーメンデバイス","東P"
"2742","ハローズ","東P"
"2749","ＪＰ　ＨＬＤＧ","東P"
"2752","フジオフードグループ本社","東P"
"2753","あみやき亭","東P"
"2760","東京エレクトロン　デバイス","東P"
"2764","ひらまつ","東P"
"2767","円谷フィールズＨＬＤＧ","東P"
"2768","双日","東P"
"2784","アルフレッサＨＬＤＧ","東P"
"2791","大黒天物産","東P"
"2792","ハニーズＨＬＤＧ","東P"
"2796","ファーマライズホールディングス","東P"
"2801","キッコーマン","東P"
"2802","味の素","東P"
"2804","ブルドックソース","東P"
"2809","キユーピー","東P"
"2810","ハウス食品グループ本社","東P"
"2811","カゴメ","東P"
"2815","アリアケジャパン","東P"
"2818","ピエトロ","東P"
"2820","やまみ","東P"
"2871","ニチレイ","東P"
"2874","横浜冷凍","東P"
"2875","東洋水産","東P"
"2882","イートアンドＨＬＤＧ","東P"
"2884","ヨシムラ・フード・ＨＬＤＧ","東P"
"2897","日清食品ＨＬＤＧ","東P"
"2899","永谷園ＨＬＤＧ","東P"
"2904","一正蒲鉾","東P"
"2908","フジッコ","東P"
"2910","ロック・フィールド","東P"
"2914","日本たばこ産業","東P"
"2915","ケンコーマヨネーズ","東P"
"2918","わらべや日洋ＨＬＤＧ","東P"
"2922","なとり","東P"
"2929","ファーマフーズ","東P"
"2930","北の達人","東P"
"2931","ユーグレナ","東P"
"2933","紀文食品","東P"
"2935","ピックルスＨＬＤＧ","東P"
"2975","スター・マイカ・ＨＬＤＧ","東P"
"2980","ＳＲＥ　ＨＬＤＧ","東P"
"2982","ＡＤワークスグループ","東P"
"3002","グンゼ","東P"
"3003","ヒューリック","東P"
"3028","アルペン","東P"
"3030","ハブ","東P"
"3031","ラクーンＨＬＤＧ","東P"
"3034","クオールＨＬＤＧ","東P"
"3036","アルコニックス","東P"
"3038","神戸物産","東P"
"3040","ソリトンシステムズ","東P"
"3046","ジンズＨＬＤＧ","東P"
"3048","ビックカメラ","東P"
"3050","ＤＣＭ　ＨＬＤＧ","東P"
"3053","ペッパーフードサービス","東P"
"3054","ハイパー","東P"
"3064","ＭｏｎｏｔａＲＯ","東P"
"3067","東京一番フーズ","東P"
"3073","ＤＤ　ＨＬＤＧ","東P"
"3076","あいＨＬＤＧ","東P"
"3085","アークランドサービスＨＬＤＧ","東P"
"3086","Ｊ．フロント　リテイリング","東P"
"3087","ドトール・日レスＨＬＤＧ","東P"
"3088","マツキヨココカラ＆カンパニー","東P"
"3091","ブロンコビリー","東P"
"3092","ＺＯＺＯ","東P"
"3093","トレジャー・ファクトリー","東P"
"3097","物語コーポレーション","東P"
"3099","三越伊勢丹ＨＬＤＧ","東P"
"3101","東洋紡","東P"
"3103","ユニチカ","東P"
"3104","富士紡ＨＬＤＧ","東P"
"3105","日清紡ＨＬＤＧ","東P"
"3106","倉敷紡績","東P"
"3107","ダイワボウＨＬＤＧ","東P"
"3109","シキボウ","東P"
"3110","日東紡績","東P"
"3116","トヨタ紡織","東P"
"3132","マクニカＨＬＤＧ","東P"
"3134","Ｈａｍｅｅ","東P"
"3135","マーケットエンタープライズ","東P"
"3139","ラクト・ジャパン","東P"
"3141","ウエルシアＨＬＤＧ","東P"
"3148","クリエイトＳＤ　ＨＬＤＧ","東P"
"3150","グリムス","東P"
"3151","バイタルケーエスケーＨＬＤＧ","東P"
"3153","八洲電機","東P"
"3154","メディアスＨＬＤＧ","東P"
"3156","レスターＨＬＤＧ","東P"
"3166","ＯＣＨＩ　ＨＬＤＧ","東P"
"3167","ＴＯＫＡＩ　ＨＬＤＧ","東P"
"3173","Ｃｏｍｉｎｉｘ","東P"
"3176","三洋貿易","東P"
"3179","シュッピン","東P"
"3180","ビューティガレージ","東P"
"3182","オイシックス・ラ・大地","東P"
"3183","ウイン・パートナーズ","東P"
"3186","ネクステージ","東P"
"3191","ジョイフル本田","東P"
"3193","鳥貴族ＨＬＤＧ","東P"
"3196","ホットランド","東P"
"3197","すかいらーくＨＬＤＧ","東P"
"3198","ＳＦＰ　ＨＬＤＧ","東P"
"3199","綿半ＨＬＤＧ","東P"
"3201","日本毛織","東P"
"3221","ヨシックスＨＬＤＧ","東P"
"3228","三栄建築設計","東P"
"3231","野村不動産ＨＬＤＧ","東P"
"3232","三重交通グループＨＬＤＧ","東P"
"3244","サムティ","東P"
"3245","ディア・ライフ","東P"
"3252","地主","東P"
"3267","フィル・カンパニー","東P"
"3275","ハウスコム","東P"
"3276","ＪＰＭＣ","東P"
"3284","フージャースＨＬＤＧ","東P"
"3288","オープンハウスグループ","東P"
"3289","東急不動産ＨＬＤＧ","東P"
"3291","飯田グループＨＬＤＧ","東P"
"3299","ムゲンエステート","東P"
"3302","帝国繊維","東P"
"3315","日本コークス工業","東P"
"3319","ゴルフダイジェスト・オンライン","東P"
"3328","ＢＥＥＮＯＳ","東P"
"3333","あさひ","東P"
"3341","日本調剤","東P"
"3349","コスモス薬品","東P"
"3360","シップヘルスケアＨＬＤＧ","東P"
"3371","ソフトクリエイトＨＬＤＧ","東P"
"3382","セブン＆アイＨＬＤＧ","東P"
"3387","クリエイト・レストランツＨＬＤ","東P"
"3388","明治電機工業","東P"
"3391","ツルハＨＬＤＧ","東P"
"3393","スターティアＨＬＤＧ","東P"
"3395","サンマルクＨＬＤＧ","東P"
"3397","トリドールＨＬＤＧ","東P"
"3401","帝人","東P"
"3402","東レ","東P"
"3405","クラレ","東P"
"3407","旭化成","東P"
"3415","ＴＯＫＹＯ　ＢＡＳＥ","東P"
"3431","宮地エンジニアリンググループ","東P"
"3433","トーカロ","東P"
"3436","ＳＵＭＣＯ","東P"
"3443","川田テクノロジーズ","東P"
"3445","ＲＳ　Ｔｅｃｈｎｏｌｏｇｉｅｓ","東P"
"3446","ジェイテックコーポレーション","東P"
"3452","ビーロット","東P"
"3454","ファーストブラザーズ","東P"
"3457","Ａｎｄ　ＤｏＨＬＤＧ","東P"
"3458","シーアールイー","東P"
"3464","プロパティエージェント","東P"
"3465","ケイアイスター不動産","東P"
"3467","アグレ都市デザイン","東P"
"3475","グッドコムアセット","東P"
"3480","ジェイ・エス・ビー","東P"
"3482","ロードスターキャピタル","東P"
"3484","テンポイノベーション","東P"
"3486","グローバル・リンク・マネジメン","東P"
"3489","フェイスネットワーク","東P"
"3501","住江織物","東P"
"3521","エコナックＨＬＤＧ","東P"
"3526","芦森工業","東P"
"3529","アツギ","東P"
"3538","ウイルプラスＨＬＤＧ","東P"
"3539","ＪＭ　ＨＬＤＧ","東P"
"3543","コメダＨＬＤＧ","東P"
"3544","サツドラＨＬＤＧ","東P"
"3546","アレンザＨＬＤＧ","東P"
"3548","バロックジャパンリミテッド","東P"
"3549","クスリのアオキＨＬＤＧ","東P"
"3559","ピーバンドットコム","東P"
"3561","力の源ＨＬＤＧ","東P"
"3563","ＦＯＯＤ　＆　ＬＩＦＥ　ＣＯＭ","東P"
"3565","アセンテック","東P"
"3569","セーレン","東P"
"3580","小松マテーレ","東P"
"3591","ワコールＨＬＤＧ","東P"
"3593","ホギメディカル","東P"
"3608","ＴＳＩ　ＨＬＤＧ","東P"
"3611","マツオカコーポレーション","東P"
"3612","ワールド","東P"
"3626","ＴＩＳ","東P"
"3627","ＪＮＳ　ＨＬＤＧ","東P"
"3632","グリー","東P"
"3633","ＧＭＯペパボ","東P"
"3635","コーエーテクモＨＬＤＧ","東P"
"3636","三菱総合研究所","東P"
"3649","ファインデックス","東P"
"3655","ブレインパッド","東P"
"3656","ＫＬａｂ","東P"
"3657","ポールトゥウィンＨＬＤＧ","東P"
"3659","ネクソン","東P"
"3660","アイスタイル","東P"
"3661","エムアップＨＬＤＧ","東P"
"3662","エイチーム","東P"
"3665","エニグモ","東P"
"3666","テクノスジャパン","東P"
"3668","コロプラ","東P"
"3673","ブロードリーフ","東P"
"3675","クロス・マーケティンググループ","東P"
"3676","デジタルハーツＨＬＤＧ","東P"
"3677","システム情報","東P"
"3678","メディアドゥ","東P"
"3679","じげん","東P"
"3681","ブイキューブ","東P"
"3683","サイバーリンクス","東P"
"3687","フィックスターズ","東P"
"3688","ＣＡＲＴＡ　ＨＬＤＧ","東P"
"3694","オプティム","東P"
"3696","セレス","東P"
"3697","ＳＨＩＦＴ","東P"
"3708","特種東海製紙","東P"
"3738","ティーガイア","東P"
"3741","セック","東P"
"3762","テクマトリックス","東P"
"3763","プロシップ","東P"
"3765","ガンホー・オンライン","東P"
"3769","ＧＭＯペイメントゲートウェイ","東P"
"3771","システムリサーチ","東P"
"3774","インターネットイニシアティブ","東P"
"3778","さくらインターネット","東P"
"3788","ＧＭＯグローバルサイン・ＨＬＤ","東P"
"3817","ＳＲＡ　ＨＬＤＧ","東P"
"3834","朝日ネット","東P"
"3835","ｅＢＡＳＥ","東P"
"3836","アバントグループ","東P"
"3837","アドソル日進","東P"
"3839","ＯＤＫソリューションズ","東P"
"3843","フリービット","東P"
"3844","コムチュア","東P"
"3853","アステリア","東P"
"3854","アイル","東P"
"3861","王子ＨＬＤＧ","東P"
"3863","日本製紙","東P"
"3864","三菱製紙","東P"
"3865","北越コーポレーション","東P"
"3877","中越パルプ工業","東P"
"3880","大王製紙","東P"
"3901","マークラインズ","東P"
"3902","メディカル・データ・ビジョン","東P"
"3903","ｇｕｍｉ","東P"
"3912","モバイルファクトリー","東P"
"3915","テラスカイ","東P"
"3916","デジタル・インフォメーション","東P"
"3918","ＰＣＩ　ＨＬＤＧ","東P"
"3921","ネオジャパン","東P"
"3922","ＰＲ　ＴＩＭＥＳ","東P"
"3923","ラクス","東P"
"3924","ランドコンピュータ","東P"
"3925","ダブルスタンダード","東P"
"3926","オープンドア","東P"
"3928","マイネット","東P"
"3932","アカツキ","東P"
"3934","ベネフィットジャパン","東P"
"3937","Ｕｂｉｃｏｍ　ＨＬＤＧ","東P"
"3939","カナミックネットワーク","東P"
"3940","ノムラシステムコーポレーション","東P"
"3941","レンゴー","東P"
"3946","トーモク","東P"
"3950","ザ・パック","東P"
"3962","チェンジＨＬＤＧ","東P"
"3963","シンクロ・フード","東P"
"3964","オークネット","東P"
"3968","セグエグループ","東P"
"3978","マクロミル","東P"
"3981","ビーグリー","東P"
"3983","オロ","東P"
"3984","ユーザーローカル","東P"
"3985","テモナ","東P"
"3992","ニーズウェル","東P"
"3994","マネーフォワード","東P"
"3996","サインポスト","東P"
"4004","レゾナック・ＨＬＤＧ","東P"
"4005","住友化学","東P"
"4008","住友精化","東P"
"4021","日産化学","東P"
"4022","ラサ工業","東P"
"4023","クレハ","東P"
"4025","多木化学","東P"
"4027","テイカ","東P"
"4028","石原産業","東P"
"4041","日本曹達","東P"
"4042","東ソー","東P"
"4043","トクヤマ","東P"
"4044","セントラル硝子","東P"
"4045","東亞合成","東P"
"4046","大阪ソーダ","東P"
"4047","関東電化工業","東P"
"4053","Ｓｕｎ　Ａｓｔｅｒｉｓｋ","東P"
"4061","デンカ","東P"
"4062","イビデン","東P"
"4063","信越化学工業","東P"
"4064","日本カーバイド工業","東P"
"4072","電算システムＨＬＤＧ","東P"
"4078","堺化学工業","東P"
"4082","第一稀元素化学工業","東P"
"4088","エア・ウォーター","東P"
"4091","日本酸素ＨＤ","東P"
"4092","日本化学工業","東P"
"4093","東邦アセチレン","東P"
"4095","日本パーカライジング","東P"
"4097","高圧ガス工業","東P"
"4098","チタン工業","東P"
"4099","四国化成ＨＬＤＧ","東P"
"4100","戸田工業","東P"
"4109","ステラ　ケミファ","東P"
"4112","保土谷化学工業","東P"
"4114","日本触媒","東P"
"4116","大日精化工業","東P"
"4118","カネカ","東P"
"4151","協和キリン","東P"
"4180","Ａｐｐｉｅｒ　Ｇｒｏｕｐ","東P"
"4182","三菱瓦斯化学","東P"
"4183","三井化学","東P"
"4185","ＪＳＲ","東P"
"4186","東京応化工業","東P"
"4187","大阪有機化学工業","東P"
"4188","三菱ケミカルグループ","東P"
"4189","ＫＨネオケム","東P"
"4202","ダイセル","東P"
"4203","住友ベークライト","東P"
"4204","積水化学工業","東P"
"4205","日本ゼオン","東P"
"4206","アイカ工業","東P"
"4208","ＵＢＥ","東P"
"4212","積水樹脂","東P"
"4215","タキロンシーアイ","東P"
"4216","旭有機材","東P"
"4218","ニチバン","東P"
"4220","リケンテクノス","東P"
"4221","大倉工業","東P"
"4228","積水化成品工業","東P"
"4229","群栄化学工業","東P"
"4245","ダイキアクシス","東P"
"4246","ダイキョーニシカワ","東P"
"4248","竹本容器","東P"
"4249","森六ＨＬＤＧ","東P"
"4251","恵和","東P"
"4272","日本化薬","東P"
"4275","カーリットＨＬＤＧ","東P"
"4284","ソルクシーズ","東P"
"4286","ＣＬＨＬＤＧ","東P"
"4290","プレステージ・インターナショナ","東P"
"4295","フェイス","東P"
"4298","プロトコーポレーション","東P"
"4299","ハイマックス","東P"
"4301","アミューズ","東P"
"4307","野村総合研究所","東P"
"4310","ドリームインキュベータ","東P"
"4318","クイック","東P"
"4320","ＣＥ　ＨＬＤＧ","東P"
"4323","日本システム技術","東P"
"4324","電通グループ","東P"
"4326","インテージＨＬＤＧ","東P"
"4331","テイクアンドギヴ・ニーズ","東P"
"4333","東邦システムサイエンス","東P"
"4337","ぴあ","東P"
"4343","イオンファンタジー","東P"
"4344","ソースネクスト","東P"
"4345","シーティーエス","東P"
"4346","ネクシィーズグループ","東P"
"4348","インフォコム","東P"
"4350","メディカルシステムネットワーク","東P"
"4362","日本精化","東P"
"4368","扶桑化学工業","東P"
"4369","トリケミカル研究所","東P"
"4373","シンプレクス・ＨＬＤＧ","東P"
"4382","ＨＥＲＯＺ","東P"
"4384","ラクスル","東P"
"4385","メルカリ","東P"
"4390","ＩＰＳ","東P"
"4392","ＦＩＧ","東P"
"4396","システムサポート","東P"
"4401","ＡＤＥＫＡ","東P"
"4403","日油","東P"
"4410","ハリマ化成グループ","東P"
"4420","イーソル","東P"
"4423","アルテリア・ネットワークス","東P"
"4432","ウイングアーク１ｓｔ","東P"
"4433","ヒト・コミュニケーションズＨＤ","東P"
"4434","サーバーワークス","東P"
"4439","東名","東P"
"4441","トビラシステムズ","東P"
"4443","Ｓａｎｓａｎ","東P"
"4446","Ｌｉｎｋ―Ｕ","東P"
"4449","ギフティ","東P"
"4452","花王","東P"
"4461","第一工業製薬","東P"
"4462","石原ケミカル","東P"
"4463","日華化学","東P"
"4465","ニイタカ","東P"
"4471","三洋化成工業","東P"
"4480","メドレー","東P"
"4481","ベース","東P"
"4483","ＪＭＤＣ","東P"
"4502","武田薬品工業","東P"
"4503","アステラス製薬","東P"
"4506","住友ファーマ","東P"
"4507","塩野義製薬","東P"
"4516","日本新薬","東P"
"4519","中外製薬","東P"
"4521","科研製薬","東P"
"4523","エーザイ","東P"
"4526","理研ビタミン","東P"
"4527","ロート製薬","東P"
"4528","小野薬品工業","東P"
"4530","久光製薬","東P"
"4534","持田製薬","東P"
"4536","参天製薬","東P"
"4538","扶桑薬品工業","東P"
"4539","日本ケミファ","東P"
"4540","ツムラ","東P"
"4543","テルモ","東P"
"4544","Ｈ．Ｕ．グループＨＬＤＧ","東P"
"4547","キッセイ薬品工業","東P"
"4548","生化学工業","東P"
"4549","栄研化学","東P"
"4551","鳥居薬品","東P"
"4552","ＪＣＲファーマ","東P"
"4553","東和薬品","東P"
"4554","富士製薬工業","東P"
"4559","ゼリア新薬工業","東P"
"4565","そーせいグループ","東P"
"4568","第一三共","東P"
"4569","杏林製薬","東P"
"4574","大幸薬品","東P"
"4577","ダイト","東P"
"4578","大塚ＨＬＤＧ","東P"
"4587","ペプチドリーム","東P"
"4611","大日本塗料","東P"
"4612","日本ペイントＨＬＤＧ","東P"
"4613","関西ペイント","東P"
"4617","中国塗料","東P"
"4619","日本特殊塗料","東P"
"4620","藤倉化成","東P"
"4626","太陽ＨＬＤＧ","東P"
"4631","ＤＩＣ","東P"
"4633","サカタインクス","東P"
"4634","東洋インキＳＣ　ＨＬＤＧ","東P"
"4636","Ｔ＆Ｋ　ＴＯＫＡ","東P"
"4641","アルプス技研","東P"
"4651","サニックス","東P"
"4658","日本空調サービス","東P"
"4661","オリエンタルランド","東P"
"4662","フォーカスシステムズ","東P"
"4665","ダスキン","東P"
"4666","パーク２４","東P"
"4668","明光ネットワークジャパン","東P"
"4671","ファルコＨＬＤＧ","東P"
"4674","クレスコ","東P"
"4676","フジ・メディアＨＬＤＧ","東P"
"4680","ラウンドワン","東P"
"4681","リゾートトラスト","東P"
"4684","オービック","東P"
"4686","ジャストシステム","東P"
"4687","ＴＤＣソフト","東P"
"4689","Ｚ　ＨＬＤＧ","東P"
"4694","ビー・エム・エル","東P"
"4704","トレンドマイクロ","東P"
"4708","りらいあコミュニケーションズ","東P"
"4709","ＩＤ　ＨＬＤＧ","東P"
"4714","リソー教育","東P"
"4718","早稲田アカデミー","東P"
"4719","アルファシステムズ","東P"
"4722","フューチャー","東P"
"4725","ＣＡＣ　ＨＬＤＧ","東P"
"4726","ＳＢテクノロジー","東P"
"4732","ユー・エス・エス","東P"
"4733","オービックビジネスコンサルタン","東P"
"4739","伊藤忠テクノソリューションズ","東P"
"4743","アイティフォー","東P"
"4745","東京個別指導学院","東P"
"4751","サイバーエージェント","東P"
"4755","楽天グループ","東P"
"4763","クリーク・アンド・リバー社","東P"
"4765","ＳＢＩグローバルアセットマネジ","東P"
"4767","テー・オー・ダブリュー","東P"
"4768","大塚商会","東P"
"4776","サイボウズ","東P"
"4792","山田コンサルティンググループ","東P"
"4801","セントラルスポーツ","東P"
"4809","パラカ","東P"
"4812","電通国際情報サービス","東P"
"4813","ＡＣＣＥＳＳ","東P"
"4819","デジタルガレージ","東P"
"4820","イーエムシステムズ","東P"
"4825","ウェザーニューズ","東P"
"4826","ＣＩＪ","東P"
"4828","ビジネスエンジニアリング","東P"
"4839","ＷＯＷＯＷ","東P"
"4845","スカラ","東P"
"4847","インテリジェント　ウェイブ","東P"
"4848","フルキャストＨＬＤＧ","東P"
"4849","エン・ジャパン","東P"
"4886","あすか製薬ＨＬＤＧ","東P"
"4887","サワイグループＨＬＤＧ","東P"
"4901","富士フイルムＨＬＤＧ","東P"
"4902","コニカミノルタ","東P"
"4911","資生堂","東P"
"4912","ライオン","東P"
"4914","高砂香料工業","東P"
"4917","マンダム","東P"
"4919","ミルボン","東P"
"4921","ファンケル","東P"
"4922","コーセー","東P"
"4923","コタ","東P"
"4927","ポーラ・オルビスＨＬＤＧ","東P"
"4928","ノエビアＨＬＤＧ","東P"
"4929","アジュバンＨＬＤＧ","東P"
"4931","新日本製薬","東P"
"4936","アクシージア","東P"
"4951","エステー","東P"
"4955","アグロ　カネショウ","東P"
"4956","コニシ","東P"
"4958","長谷川香料","東P"
"4963","星光ＰＭＣ","東P"
"4967","小林製薬","東P"
"4968","荒川化学工業","東P"
"4971","メック","東P"
"4973","日本高純度化学","東P"
"4974","タカラバイオ","東P"
"4975","ＪＣＵ","東P"
"4977","新田ゼラチン","東P"
"4979","ＯＡＴアグリオ","東P"
"4980","デクセリアルズ","東P"
"4985","アース製薬","東P"
"4996","クミアイ化学工業","東P"
"4997","日本農薬","東P"
"5011","ニチレキ","東P"
"5017","富士石油","東P"
"5018","ＭＯＲＥＳＣＯ","東P"
"5019","出光興産","東P"
"5020","ＥＮＥＯＳ　ＨＬＤＧ","東P"
"5021","コスモエネルギーＨＬＤＧ","東P"
"5074","テスＨＬＤＧ","東P"
"5076","インフロニア・ＨＬＤＧ","東P"
"5101","横浜ゴム","東P"
"5105","ＴＯＹＯ　ＴＩＲＥ","東P"
"5108","ブリヂストン","東P"
"5110","住友ゴム工業","東P"
"5121","藤倉コンポジット","東P"
"5122","オカモト","東P"
"5128","ＷＯＷ　ＷＯＲＬＤ　ＧＲＯＵＰ","東P"
"5142","アキレス","東P"
"5185","フコク","東P"
"5186","ニッタ","東P"
"5191","住友理工","東P"
"5192","三ツ星ベルト","東P"
"5195","バンドー化学","東P"
"5201","ＡＧＣ","東P"
"5202","日本板硝子","東P"
"5208","有沢製作所","東P"
"5214","日本電気硝子","東P"
"5232","住友大阪セメント","東P"
"5233","太平洋セメント","東P"
"5261","リソルＨＬＤＧ","東P"
"5262","日本ヒューム","東P"
"5269","日本コンクリート工業","東P"
"5288","アジアパイルＨＬＤＧ","東P"
"5301","東海カーボン","東P"
"5302","日本カーボン","東P"
"5310","東洋炭素","東P"
"5331","ノリタケカンパニーリミテド","東P"
"5332","ＴＯＴＯ","東P"
"5333","日本碍子","東P"
"5334","日本特殊陶業","東P"
"5344","ＭＡＲＵＷＡ","東P"
"5351","品川リフラクトリーズ","東P"
"5352","黒崎播磨","東P"
"5357","ヨータイ","東P"
"5367","ニッカトー","東P"
"5384","フジミインコーポレーテッド","東P"
"5393","ニチアス","東P"
"5401","日本製鉄","東P"
"5406","神戸製鋼所","東P"
"5408","中山製鋼所","東P"
"5410","合同製鐵","東P"
"5411","ＪＦＥＨＬＤＧ","東P"
"5423","東京製鐵","東P"
"5440","共英製鋼","東P"
"5444","大和工業","東P"
"5445","東京鐵鋼","東P"
"5451","淀川製鋼所","東P"
"5461","中部鋼鈑","東P"
"5463","丸一鋼管","東P"
"5471","大同特殊鋼","東P"
"5480","日本冶金工業","東P"
"5481","山陽特殊製鋼","東P"
"5482","愛知製鋼","東P"
"5491","日本金属","東P"
"5541","大平洋金属","東P"
"5563","新日本電工","東P"
"5602","栗本鐵工所","東P"
"5631","日本製鋼所","東P"
"5632","三菱製鋼","東P"
"5659","日本精線","東P"
"5698","エンビプロＨＬＤＧ","東P"
"5702","大紀アルミニウム工業所","東P"
"5703","日本軽金属ＨＬＤＧ","東P"
"5706","三井金属鉱業","東P"
"5707","東邦亜鉛","東P"
"5711","三菱マテリアル","東P"
"5713","住友金属鉱山","東P"
"5714","ＤＯＷＡ　ＨＬＤＧ","東P"
"5715","古河機械金属","東P"
"5726","大阪チタニウムテクノロジーズ","東P"
"5727","東邦チタニウム","東P"
"5741","ＵＡＣＪ","東P"
"5757","ＣＫサンエツ","東P"
"5801","古河電気工業","東P"
"5802","住友電気工業","東P"
"5803","フジクラ","東P"
"5805","ＳＷＣＣ","東P"
"5809","タツタ電線","東P"
"5821","平河ヒューテック","東P"
"5830","いよぎんＨＬＤＧ","東P"
"5831","しずおかＦＧ","東P"
"5832","ちゅうぎんＦＧ","東P"
"5851","リョービ","東P"
"5852","アーレスティ","東P"
"5857","アサヒＨＬＤＧ","東P"
"5901","東洋製罐グループＨＬＤＧ","東P"
"5902","ホッカンＨＬＤＧ","東P"
"5911","横河ブリッジＨＬＤＧ","東P"
"5915","駒井ハルテック","東P"
"5929","三和ＨＬＤＧ","東P"
"5930","文化シヤッター","東P"
"5932","三協立山","東P"
"5933","アルインコ","東P"
"5938","ＬＩＸＩＬ","東P"
"5943","ノーリツ","東P"
"5946","長府製作所","東P"
"5947","リンナイ","東P"
"5949","ユニプレス","東P"
"5957","日東精工","東P"
"5959","岡部","東P"
"5970","ジーテクト","東P"
"5975","東プレ","東P"
"5976","高周波熱錬","東P"
"5981","東京製綱","東P"
"5985","サンコール","東P"
"5988","パイオラックス","東P"
"5989","エイチワン","東P"
"5991","ニッパツ","東P"
"5992","中央発條","東P"
"6005","三浦工業","東P"
"6013","タクマ","東P"
"6028","テクノプロＨＬＤＧ","東P"
"6035","アイ・アールジャパンＨＬＤＧ","東P"
"6036","ＫｅｅＰｅｒ技研","東P"
"6047","Ｇｕｎｏｓｙ","東P"
"6050","イー・ガーディアン","東P"
"6054","リブセンス","東P"
"6055","ジャパンマテリアル","東P"
"6058","ベクトル","東P"
"6062","チャーム・ケア","東P"
"6070","キャリアリンク","東P"
"6071","ＩＢＪ","東P"
"6073","アサンテ","東P"
"6078","バリューＨＲ","東P"
"6080","Ｍ＆Ａキャピタルパートナーズ","東P"
"6082","ライドオンエクスプレスＨＬＤＧ","東P"
"6087","アビスト","東P"
"6088","シグマクシス・ＨＬＤＧ","東P"
"6089","ウィルグループ","東P"
"6093","エスクロー・エージェント・ジャ","東P"
"6095","メドピア","東P"
"6096","レアジョブ","東P"
"6098","リクルートＨＬＤＧ","東P"
"6099","エラン","東P"
"6101","ツガミ","東P"
"6103","オークマ","東P"
"6104","芝浦機械","東P"
"6113","アマダ","東P"
"6118","アイダエンジニアリング","東P"
"6134","ＦＵＪＩ","東P"
"6135","牧野フライス製作所","東P"
"6136","オーエスジー","東P"
"6140","旭ダイヤモンド工業","東P"
"6141","ＤＭＧ森精機","東P"
"6143","ソディック","東P"
"6146","ディスコ","東P"
"6151","日東工器","東P"
"6157","日進工具","東P"
"6165","パンチ工業","東P"
"6167","冨士ダイス","東P"
"6171","土木管理総合試験所","東P"
"6178","日本郵政","東P"
"6183","ベルシステム２４ＨＬＤＧ","東P"
"6184","鎌倉新書","東P"
"6185","ＳＭＮ","東P"
"6189","グローバルキッズＣＯＭＰＡＮＹ","東P"
"6191","エアトリ","東P"
"6194","アトラエ","東P"
"6196","ストライク","東P"
"6197","ソラスト","東P"
"6199","セラク","東P"
"6200","インソース","東P"
"6201","豊田自動織機","東P"
"6203","豊和工業","東P"
"6210","東洋機械金属","東P"
"6218","エンシュウ","東P"
"6222","島精機製作所","東P"
"6235","オプトラン","東P"
"6237","イワキポンプ","東P"
"6238","フリュー","東P"
"6240","ヤマシンフィルタ","東P"
"6247","日阪製作所","東P"
"6250","やまびこ","東P"
"6254","野村マイクロ・サイエンス","東P"
"6258","平田機工","東P"
"6262","ＰＥＧＡＳＵＳ","東P"
"6264","マルマエ","東P"
"6266","タツモ","東P"
"6268","ナブテスコ","東P"
"6269","三井海洋開発","東P"
"6272","レオン自動機","東P"
"6273","ＳＭＣ","東P"
"6277","ホソカワミクロン","東P"
"6278","ユニオンツール","東P"
"6282","オイレス工業","東P"
"6284","日精エー・エス・ビー機械","東P"
"6287","サトーＨＬＤＧ","東P"
"6289","技研製作所","東P"
"6291","日本エアーテック","東P"
"6293","日精樹脂工業","東P"
"6294","オカダアイヨン","東P"
"6298","ワイエイシイＨＬＤＧ","東P"
"6301","小松製作所","東P"
"6302","住友重機械工業","東P"
"6305","日立建機","東P"
"6306","日工","東P"
"6309","巴工業","東P"
"6310","井関農機","東P"
"6315","ＴＯＷＡ","東P"
"6317","北川鉄工所","東P"
"6323","ローツェ","東P"
"6326","クボタ","東P"
"6328","荏原実業","東P"
"6330","東洋エンジニアリング","東P"
"6331","三菱化工機","東P"
"6332","月島ＨＬＤＧ","東P"
"6333","帝国電機製作所","東P"
"6339","新東工業","東P"
"6340","澁谷工業","東P"
"6345","アイチ","東P"
"6349","小森コーポレーション","東P"
"6351","鶴見製作所","東P"
"6358","酒井重工業","東P"
"6361","荏原製作所","東P"
"6363","酉島製作所","東P"
"6364","北越工業","東P"
"6367","ダイキン工業","東P"
"6368","オルガノ","東P"
"6369","トーヨーカネツ","東P"
"6370","栗田工業","東P"
"6371","椿本チエイン","東P"
"6376","日機装","東P"
"6379","レイズネクスト","東P"
"6381","アネスト岩田","東P"
"6383","ダイフク","東P"
"6387","サムコ","東P"
"6390","加藤製作所","東P"
"6395","タダノ","東P"
"6406","フジテック","東P"
"6407","ＣＫＤ","東P"
"6412","平和","東P"
"6413","理想科学工業","東P"
"6417","ＳＡＮＫＹＯ","東P"
"6418","日本金銭機械","東P"
"6419","マースグループＨＬＤＧ","東P"
"6420","フクシマガリレイ","東P"
"6428","オーイズミ","東P"
"6430","ダイコク電機","東P"
"6432","竹内製作所","東P"
"6436","アマノ","東P"
"6440","ＪＵＫＩ","東P"
"6444","サンデン","東P"
"6445","ジャノメ","東P"
"6448","ブラザー工業","東P"
"6454","マックス","東P"
"6455","モリタＨＬＤＧ","東P"
"6457","グローリー","東P"
"6458","新晃工業","東P"
"6459","大和冷機工業","東P"
"6460","セガサミーＨＬＤＧ","東P"
"6461","日本ピストンリング","東P"
"6462","リケン","東P"
"6463","ＴＰＲ","東P"
"6464","ツバキ・ナカシマ","東P"
"6465","ホシザキ","東P"
"6470","大豊工業","東P"
"6471","日本精工","東P"
"6472","ＮＴＮ","東P"
"6473","ジェイテクト","東P"
"6474","不二越","東P"
"6479","ミネベアミツミ","東P"
"6480","日本トムソン","東P"
"6481","ＴＨＫ","東P"
"6482","ユーシン精機","東P"
"6485","前澤給装工業","東P"
"6486","イーグル工業","東P"
"6490","日本ピラー工業","東P"
"6498","キッツ","東P"
"6501","日立製作所","東P"
"6502","東芝","東P"
"6503","三菱電機","東P"
"6504","富士電機","東P"
"6506","安川電機","東P"
"6507","シンフォニア　テクノロジー","東P"
"6508","明電舎","東P"
"6516","山洋電気","東P"
"6517","デンヨー","東P"
"6523","ＰＨＣＨＬＤＧ","東P"
"6526","ソシオネクスト","東P"
"6532","ベイカレント・コンサルティング","東P"
"6533","Ｏｒｃｈｅｓｔｒａ　ＨＬＤＧ","東P"
"6535","アイモバイル","東P"
"6538","キャリアインデックス","東P"
"6539","ＭＳ―Ｊａｐａｎ","東P"
"6544","ジャパンエレベーターサービスＨ","東P"
"6556","ウェルビー","東P"
"6560","エル・ティー・エス","東P"
"6564","ミダックＨＬＤＧ","東P"
"6569","日総工産","東P"
"6571","キュービーネットＨＬＤＧ","東P"
"6572","ＲＰＡ　ＨＬＤＧ","東P"
"6584","三櫻工業","東P"
"6586","マキタ","東P"
"6588","東芝テック","東P"
"6590","芝浦メカトロニクス","東P"
"6592","マブチモーター","東P"
"6594","ニデック","東P"
"6615","ユー・エム・シー・エレクトロニ","東P"
"6616","トレックス・セミコンダクター","東P"
"6617","東光高岳","東P"
"6619","ダブル・スコープ","東P"
"6620","宮越ＨＬＤＧ","東P"
"6622","ダイヘン","東P"
"6630","ヤーマン","東P"
"6632","ＪＶＣケンウッド","東P"
"6638","ミマキエンジニアリング","東P"
"6640","Ｉ−ＰＥＸ","東P"
"6641","日新電機","東P"
"6644","大崎電気工業","東P"
"6645","オムロン","東P"
"6651","日東工業","東P"
"6652","ＩＤＥＣ","東P"
"6653","正興電機製作所","東P"
"6674","ジーエスユアサコーポレーション","東P"
"6675","サクサＨＬＤＧ","東P"
"6676","メルコＨＬＤＧ","東P"
"6678","テクノメディカ","東P"
"6699","ダイヤモンドエレクトリックＨＤ","東P"
"6701","日本電気","東P"
"6702","富士通","東P"
"6703","沖電気工業","東P"
"6704","岩崎通信機","東P"
"6706","電気興業","東P"
"6707","サンケン電気","東P"
"6718","アイホン","東P"
"6723","ルネサスエレクトロニクス","東P"
"6724","セイコーエプソン","東P"
"6727","ワコム","東P"
"6728","アルバック","東P"
"6737","ＥＩＺＯ","東P"
"6740","ジャパンディスプレイ","東P"
"6741","日本信号","東P"
"6742","京三製作所","東P"
"6744","能美防災","東P"
"6745","ホーチキ","東P"
"6750","エレコム","東P"
"6752","パナソニック　ＨＬＤＧ","東P"
"6753","シャープ","東P"
"6754","アンリツ","東P"
"6755","富士通ゼネラル","東P"
"6758","ソニーグループ","東P"
"6762","ＴＤＫ","東P"
"6763","帝国通信工業","東P"
"6768","タムラ製作所","東P"
"6770","アルプスアルパイン","東P"
"6779","日本電波工業","東P"
"6785","鈴木","東P"
"6787","メイコー","東P"
"6788","日本トリム","東P"
"6789","ローランド　ディー　ジー","東P"
"6794","フォスター電機","東P"
"6798","ＳＭＫ","東P"
"6800","ヨコオ","東P"
"6804","ホシデン","東P"
"6806","ヒロセ電機","東P"
"6807","日本航空電子工業","東P"
"6809","ＴＯＡ","東P"
"6810","マクセル","東P"
"6814","古野電気","東P"
"6817","スミダコーポレーション","東P"
"6820","アイコム","東P"
"6823","リオン","東P"
"6841","横河電機","東P"
"6844","新電元工業","東P"
"6845","アズビル","東P"
"6849","日本光電工業","東P"
"6850","チノー","東P"
"6853","共和電業","東P"
"6856","堀場製作所","東P"
"6857","アドバンテスト","東P"
"6859","エスペック","東P"
"6861","キーエンス","東P"
"6866","日置電機","東P"
"6869","シスメックス","東P"
"6871","日本マイクロニクス","東P"
"6875","メガチップス","東P"
"6879","ＩＭＡＧＩＣＡ　ＧＲＯＵＰ","東P"
"6902","デンソー","東P"
"6904","原田工業","東P"
"6905","コーセル","東P"
"6908","イリソ電子工業","東P"
"6914","オプテックスグループ","東P"
"6920","レーザーテック","東P"
"6923","スタンレー電気","東P"
"6924","岩崎電気","東P"
"6925","ウシオ電機","東P"
"6928","エノモト","東P"
"6929","日本セラミック","東P"
"6932","遠藤照明","東P"
"6937","古河電池","東P"
"6941","山一電機","東P"
"6947","図研","東P"
"6951","日本電子","東P"
"6952","カシオ計算機","東P"
"6954","ファナック","東P"
"6958","日本シイエムケイ","東P"
"6961","エンプラス","東P"
"6962","大真空","東P"
"6963","ローム","東P"
"6965","浜松ホトニクス","東P"
"6966","三井ハイテック","東P"
"6967","新光電気工業","東P"
"6971","京セラ","東P"
"6976","太陽誘電","東P"
"6981","村田製作所","東P"
"6986","双葉電子工業","東P"
"6988","日東電工","東P"
"6989","北陸電気工業","東P"
"6995","東海理化電機製作所","東P"
"6996","ニチコン","東P"
"6997","日本ケミコン","東P"
"6999","ＫＯＡ","東P"
"7003","三井Ｅ＆Ｓ","東P"
"7004","日立造船","東P"
"7011","三菱重工業","東P"
"7012","川崎重工業","東P"
"7013","ＩＨＩ","東P"
"7030","スプリックス","東P"
"7033","マネジメントソリューションズ","東P"
"7034","プロレド・パートナーズ","東P"
"7035","ａｎｄ　ｆａｃｔｏｒｙ","東P"
"7037","テノ．ＨＬＤＧ","東P"
"7038","フロンティア・マネジメント","東P"
"7044","ピアラ","東P"
"7059","コプロ・ＨＬＤＧ","東P"
"7060","ギークス","東P"
"7071","アンビスＨＬＤＧ","東P"
"7085","カーブスＨＬＤＧ","東P"
"7088","フォーラムエンジニアリング","東P"
"7092","Ｆａｓｔ　Ｆｉｔｎｅｓｓ　Ｊｐ","東P"
"7102","日本車輌製造","東P"
"7128","フルサト・マルカＨＬＤＧ","東P"
"7130","ヤマエグループＨＬＤＧ","東P"
"7135","ジャパンクラフトＨＬＤＧ","東P"
"7148","ＦＰＧ","東P"
"7164","全国保証","東P"
"7167","めぶきフィナンシャルグループ","東P"
"7172","ジャパンインベストメントアドバ","東P"
"7173","東京きらぼしＦＧ","東P"
"7180","九州ＦＧ","東P"
"7181","かんぽ生命保険","東P"
"7182","ゆうちょ銀行","東P"
"7184","富山第一銀行","東P"
"7186","コンコルディアＦＧ","東P"
"7187","ジェイリース","東P"
"7189","西日本フィナンシャルＨＬＤＧ","東P"
"7191","イントラスト","東P"
"7196","Ｃａｓａ","東P"
"7198","アルヒ","東P"
"7199","プレミアグループ","東P"
"7201","日産自動車","東P"
"7202","いすゞ自動車","東P"
"7203","トヨタ自動車","東P"
"7205","日野自動車","東P"
"7211","三菱自動車工業","東P"
"7212","エフテック","東P"
"7213","レシップＨＬＤＧ","東P"
"7220","武蔵精密工業","東P"
"7222","日産車体","東P"
"7224","新明和工業","東P"
"7226","極東開発工業","東P"
"7231","トピー工業","東P"
"7236","ティラド","東P"
"7238","曙ブレーキ工業","東P"
"7239","タチエス","東P"
"7240","ＮＯＫ","東P"
"7241","フタバ産業","東P"
"7242","ＫＹＢ","東P"
"7244","市光工業","東P"
"7245","大同メタル工業","東P"
"7246","プレス工業","東P"
"7247","ミクニ","東P"
"7250","太平洋工業","東P"
"7256","河西工業","東P"
"7259","アイシン","東P"
"7261","マツダ","東P"
"7266","今仙電機製作所","東P"
"7267","本田技研工業","東P"
"7269","スズキ","東P"
"7270","ＳＵＢＡＲＵ","東P"
"7271","安永","東P"
"7272","ヤマハ発動機","東P"
"7276","小糸製作所","東P"
"7277","ＴＢＫ","東P"
"7278","エクセディ","東P"
"7280","ミツバ","東P"
"7282","豊田合成","東P"
"7283","愛三工業","東P"
"7294","ヨロズ","東P"
"7296","エフ・シー・シー","東P"
"7309","シマノ","東P"
"7313","テイ・エス　テック","東P"
"7322","三十三ＦＧ","東P"
"7327","第四北越ＦＧ","東P"
"7337","ひろぎんＨＬＤＧ","東P"
"7347","マーキュリアＨＬＤＧ","東P"
"7350","おきなわＦＧ","東P"
"7354","ＤｍＭＩＸ","東P"
"7358","ポピンズ","東P"
"7366","ＬＩＴＡＬＩＣＯ","東P"
"7380","十六ＦＧ","東P"
"7381","北國フィナンシャルＨＬＤＧ","東P"
"7383","ネットプロテクションズＨＬＤＧ","東P"
"7384","プロクレアＨＬＤＧ","東P"
"7389","あいちＦＧ","東P"
"7408","ジャムコ","東P"
"7414","小野建","東P"
"7419","ノジマ","東P"
"7420","佐鳥電機","東P"
"7421","カッパ・クリエイト","東P"
"7433","伯東","東P"
"7438","コンドーテック","東P"
"7445","ライトオン","東P"
"7447","ナガイレーベン","東P"
"7453","良品計画","東P"
"7455","パリミキＨＬＤＧ","東P"
"7456","松田産業","東P"
"7458","第一興商","東P"
"7459","メディパルＨＬＤＧ","東P"
"7466","ＳＰＫ","東P"
"7467","萩原電気ＨＬＤＧ","東P"
"7475","アルビス","東P"
"7476","アズワン","東P"
"7482","シモジマ","東P"
"7483","ドウシシャ","東P"
"7487","小津産業","東P"
"7494","コナカ","東P"
"7504","高速","東P"
"7508","Ｇ―７ＨＬＤＧ","東P"
"7510","たけびし","東P"
"7513","コジマ","東P"
"7514","ヒマラヤ","東P"
"7516","コーナン商事","東P"
"7518","ネットワンシステムズ","東P"
"7520","エコス","東P"
"7522","ワタミ","東P"
"7525","リックス","東P"
"7527","システムソフト","東P"
"7532","パン・パシフィック・インターナ","東P"
"7537","丸文","東P"
"7545","西松屋チェーン","東P"
"7550","ゼンショーＨＬＤＧ","東P"
"7552","ハピネット","東P"
"7554","幸楽苑ＨＬＤＧ","東P"
"7561","ハークスレイ","東P"
"7570","橋本総業ＨＬＤＧ","東P"
"7575","日本ライフライン","東P"
"7581","サイゼリヤ","東P"
"7590","タカショー","東P"
"7593","ＶＴ　ＨＬＤＧ","東P"
"7595","アルゴグラフィックス","東P"
"7596","魚力","東P"
"7599","ＩＤＯＭ","東P"
"7600","日本エム・ディ・エム","東P"
"7605","フジ・コーポレーション","東P"
"7606","ユナイテッドアローズ","東P"
"7607","進和","東P"
"7609","ダイトロン","東P"
"7611","ハイデイ日高","東P"
"7613","シークス","東P"
"7616","コロワイド","東P"
"7618","ピーシーデポコーポレーション","東P"
"7628","オーハシテクニカ","東P"
"7630","壱番屋","東P"
"7637","白銅","東P"
"7649","スギＨＬＤＧ","東P"
"7679","薬王堂ＨＬＤＧ","東P"
"7701","島津製作所","東P"
"7702","ＪＭＳ","東P"
"7715","長野計器","東P"
"7717","ブイ・テクノロジー","東P"
"7718","スター精密","東P"
"7721","東京計器","東P"
"7723","愛知時計電機","東P"
"7725","インターアクション","東P"
"7727","オーバル","東P"
"7729","東京精密","東P"
"7730","マニー","東P"
"7731","ニコン","東P"
"7732","トプコン","東P"
"7733","オリンパス","東P"
"7734","理研計器","東P"
"7735","ＳＣＲＥＥＮ　ＨＬＤＧ","東P"
"7739","キヤノン電子","東P"
"7740","タムロン","東P"
"7741","ＨＯＹＡ","東P"
"7743","シード","東P"
"7744","ノーリツ鋼機","東P"
"7745","Ａ＆ＤホロンＨＬＤＧ","東P"
"7747","朝日インテック","東P"
"7751","キヤノン","東P"
"7752","リコー","東P"
"7762","シチズン時計","東P"
"7769","リズム","東P"
"7775","大研医器","東P"
"7780","メニコン","東P"
"7811","中本パックス","東P"
"7816","スノーピーク","東P"
"7817","パラマウントベッドＨＬＤＧ","東P"
"7818","トランザクション","東P"
"7819","粧美堂","東P"
"7820","ニホンフラッシュ","東P"
"7821","前田工繊","東P"
"7823","アートネイチャー","東P"
"7832","バンダイナムコＨＬＤＧ","東P"
"7839","ＳＨＯＥＩ","東P"
"7840","フランスベッドＨＬＤＧ","東P"
"7844","マーベラス","東P"
"7846","パイロットコーポレーション","東P"
"7856","萩原工業","東P"
"7860","エイベックス","東P"
"7864","フジシールインターナショナル","東P"
"7867","タカラトミー","東P"
"7868","広済堂ＨＬＤＧ","東P"
"7874","レック","東P"
"7888","三光合成","東P"
"7893","プロネクサス","東P"
"7905","大建工業","東P"
"7911","凸版印刷","東P"
"7912","大日本印刷","東P"
"7914","共同印刷","東P"
"7915","ＮＩＳＳＨＡ","東P"
"7917","藤森工業","東P"
"7918","ヴィアＨＬＤＧ","東P"
"7921","ＴＡＫＡＲＡ＆ＣＯＭＰＡＮＹ","東P"
"7925","前澤化成工業","東P"
"7931","未来工業","東P"
"7936","アシックス","東P"
"7942","ＪＳＰ","東P"
"7943","ニチハ","東P"
"7944","ローランド","東P"
"7947","エフピコ","東P"
"7949","小松ウオール工業","東P"
"7951","ヤマハ","東P"
"7952","河合楽器製作所","東P"
"7955","クリナップ","東P"
"7956","ピジョン","東P"
"7958","天馬","東P"
"7962","キングジム","東P"
"7965","象印マホービン","東P"
"7966","リンテック","東P"
"7970","信越ポリマー","東P"
"7971","東リ","東P"
"7972","イトーキ","東P"
"7974","任天堂","東P"
"7976","三菱鉛筆","東P"
"7979","松風","東P"
"7981","タカラスタンダード","東P"
"7984","コクヨ","東P"
"7987","ナカバヤシ","東P"
"7988","ニフコ","東P"
"7989","立川ブラインド工業","東P"
"7990","グローブライド","東P"
"7994","オカムラ","東P"
"7995","バルカー","東P"
"8001","伊藤忠商事","東P"
"8002","丸紅","東P"
"8005","スクロール","東P"
"8007","高島","東P"
"8008","ヨンドシーＨＬＤＧ","東P"
"8011","三陽商会","東P"
"8012","長瀬産業","東P"
"8014","蝶理","東P"
"8015","豊田通商","東P"
"8016","オンワードＨＬＤＧ","東P"
"8020","兼松","東P"
"8022","美津濃","東P"
"8031","三井物産","東P"
"8032","日本紙パルプ商事","東P"
"8035","東京エレクトロン","東P"
"8037","カメイ","東P"
"8043","スターゼン","東P"
"8050","セイコーグループ","東P"
"8051","山善","東P"
"8052","椿本興業","東P"
"8053","住友商事","東P"
"8056","ＢＩＰＲＯＧＹ","東P"
"8057","内田洋行","東P"
"8058","三菱商事","東P"
"8059","第一実業","東P"
"8060","キヤノンマーケティングジャパン","東P"
"8061","西華産業","東P"
"8065","佐藤商事","東P"
"8068","菱洋エレクトロ","東P"
"8070","東京産業","東P"
"8074","ユアサ商事","東P"
"8075","神鋼商事","東P"
"8077","トルク","東P"
"8078","阪和興業","東P"
"8079","正栄食品工業","東P"
"8081","カナデン","東P"
"8084","ＲＹＯＤＥＮ","東P"
"8086","ニプロ","東P"
"8088","岩谷産業","東P"
"8091","ニチモウ","東P"
"8093","極東貿易","東P"
"8095","アステナＨＬＤＧ","東P"
"8096","兼松エレクトロニクス","東P"
"8097","三愛オブリ","東P"
"8098","稲畑産業","東P"
"8101","ＧＳＩクレオス","東P"
"8103","明和産業","東P"
"8111","ゴールドウイン","東P"
"8113","ユニ・チャーム","東P"
"8114","デサント","東P"
"8125","ワキタ","東P"
"8129","東邦ＨＬＤＧ","東P"
"8130","サンゲツ","東P"
"8132","シナネンＨＬＤＧ","東P"
"8133","伊藤忠エネクス","東P"
"8136","サンリオ","東P"
"8137","サンワテクノス","東P"
"8140","リョーサン","東P"
"8141","新光商事","東P"
"8142","トーホー","東P"
"8150","三信電気","東P"
"8151","東陽テクニカ","東P"
"8153","モスフードサービス","東P"
"8154","加賀電子","東P"
"8155","三益半導体工業","東P"
"8157","都築電気","東P"
"8158","ソーダニッカ","東P"
"8159","立花エレテック","東P"
"8160","木曽路","東P"
"8163","ＳＲＳ　ＨＬＤＧ","東P"
"8165","千趣会","東P"
"8167","リテールパートナーズ","東P"
"8168","ケーヨー","東P"
"8173","上新電機","東P"
"8174","日本瓦斯","東P"
"8179","ロイヤルＨＬＤＧ","東P"
"8182","いなげや","東P"
"8185","チヨダ","東P"
"8194","ライフコーポレーション","東P"
"8200","リンガーハット","東P"
"8203","ＭｒＭａｘＨＤ","東P"
"8214","ＡＯＫＩ　ＨＬＤＧ","東P"
"8217","オークワ","東P"
"8218","コメリ","東P"
"8219","青山商事","東P"
"8227","しまむら","東P"
"8233","高島屋","東P"
"8237","松屋","東P"
"8242","エイチ・ツー・オー　リテイリン","東P"
"8252","丸井グループ","東P"
"8253","クレディセゾン","東P"
"8255","アクシアル　リテイリング","東P"
"8267","イオン","東P"
"8273","イズミ","東P"
"8275","フォーバル","東P"
"8276","平和堂","東P"
"8278","フジ","東P"
"8279","ヤオコー","東P"
"8281","ゼビオＨＬＤＧ","東P"
"8282","ケーズＨＬＤＧ","東P"
"8283","ＰＡＬＴＡＣ","東P"
"8285","三谷産業","東P"
"8291","日産東京販売ＨＬＤＧ","東P"
"8304","あおぞら銀行","東P"
"8306","三菱ＵＦＪ　ＦＧ","東P"
"8308","りそなＨＬＤＧ","東P"
"8309","三井住友トラストＨＬＤＧ","東P"
"8316","三井住友ＦＧ","東P"
"8331","千葉銀行","東P"
"8334","群馬銀行","東P"
"8336","武蔵野銀行","東P"
"8337","千葉興業銀行","東P"
"8338","筑波銀行","東P"
"8341","七十七銀行","東P"
"8343","秋田銀行","東P"
"8344","山形銀行","東P"
"8345","岩手銀行","東P"
"8346","東邦銀行","東P"
"8354","ふくおかＦＧ","東P"
"8358","スルガ銀行","東P"
"8359","八十二銀行","東P"
"8360","山梨中央銀行","東P"
"8361","大垣共立銀行","東P"
"8362","福井銀行","東P"
"8364","清水銀行","東P"
"8366","滋賀銀行","東P"
"8367","南都銀行","東P"
"8368","百五銀行","東P"
"8369","京都銀行","東P"
"8370","紀陽銀行","東P"
"8377","ほくほくＦＧ","東P"
"8381","山陰合同銀行","東P"
"8386","百十四銀行","東P"
"8387","四国銀行","東P"
"8388","阿波銀行","東P"
"8392","大分銀行","東P"
"8393","宮崎銀行","東P"
"8395","佐賀銀行","東P"
"8399","琉球銀行","東P"
"8410","セブン銀行","東P"
"8411","みずほＦＧ","東P"
"8418","山口ＦＧ","東P"
"8424","芙蓉総合リース","東P"
"8425","みずほリース","東P"
"8439","東京センチュリー","東P"
"8473","ＳＢＩ　ＨＬＤＧ","東P"
"8511","日本証券金融","東P"
"8515","アイフル","東P"
"8522","名古屋銀行","東P"
"8524","北洋銀行","東P"
"8541","愛媛銀行","東P"
"8544","京葉銀行","東P"
"8550","栃木銀行","東P"
"8551","北日本銀行","東P"
"8558","東和銀行","東P"
"8566","リコーリース","東P"
"8570","イオンフィナンシャルサービス","東P"
"8584","ジャックス","東P"
"8585","オリエントコーポレーション","東P"
"8591","オリックス","東P"
"8593","三菱ＨＣキャピタル","東P"
"8595","ジャフコ　グループ","東P"
"8600","トモニＨＬＤＧ","東P"
"8601","大和証券グループ本社","東P"
"8604","野村ＨＬＤＧ","東P"
"8609","岡三証券グループ","東P"
"8613","丸三証券","東P"
"8614","東洋証券","東P"
"8616","東海東京フィナンシャルＨＬＤＧ","東P"
"8622","水戸証券","東P"
"8624","いちよし証券","東P"
"8628","松井証券","東P"
"8630","ＳＯＭＰＯ　ＨＬＤＧ","東P"
"8697","日本取引所グループ","東P"
"8698","マネックスグループ","東P"
"8706","極東証券","東P"
"8707","岩井コスモＨＬＤＧ","東P"
"8708","アイザワ証券グループ","東P"
"8713","フィデアＨＬＤＧ","東P"
"8714","池田泉州ＨＬＤＧ","東P"
"8715","アニコムＨＤ","東P"
"8725","ＭＳ＆ＡＤインシュアランスＨＤ","東P"
"8732","マネーパートナーズグループ","東P"
"8739","スパークス・グループ","東P"
"8750","第一生命ＨＬＤＧ","東P"
"8766","東京海上ＨＬＤＧ","東P"
"8769","アドバンテッジリスクマネジメン","東P"
"8771","イー・ギャランティ","東P"
"8793","ＮＥＣキャピタルソリューション","東P"
"8795","Ｔ＆Ｄ　ＨＬＤＧ","東P"
"8798","アドバンスクリエイト","東P"
"8801","三井不動産","東P"
"8802","三菱地所","東P"
"8803","平和不動産","東P"
"8804","東京建物","東P"
"8818","京阪神ビルディング","東P"
"8830","住友不動産","東P"
"8842","東京楽天地","東P"
"8848","レオパレス２１","東P"
"8850","スターツコーポレーション","東P"
"8860","フジ住宅","東P"
"8864","空港施設","東P"
"8869","明和地所","東P"
"8871","ゴールドクレスト","東P"
"8876","リログループ","東P"
"8877","エスリード","東P"
"8881","日神グループＨＬＤＧ","東P"
"8892","日本エスコン","東P"
"8897","ＭＩＲＡＲＴＨＨＬＤＧ","東P"
"8904","ＡＶＡＮＴＩＡ","東P"
"8905","イオンモール","東P"
"8917","ファースト住建","東P"
"8919","カチタス","東P"
"8923","トーセイ","東P"
"8934","サンフロンティア不動産","東P"
"8935","ＦＪネクストＨＬＤＧ","東P"
"8940","インテリックス","東P"
"8945","サンネクスタグループ","東P"
"8999","グランディハウス","東P"
"9001","東武鉄道","東P"
"9003","相鉄ＨＬＤＧ","東P"
"9005","東急","東P"
"9006","京浜急行電鉄","東P"
"9007","小田急電鉄","東P"
"9008","京王電鉄","東P"
"9009","京成電鉄","東P"
"9010","富士急行","東P"
"9020","東日本旅客鉄道","東P"
"9021","西日本旅客鉄道","東P"
"9022","東海旅客鉄道","東P"
"9024","西武ＨＬＤＧ","東P"
"9025","鴻池運輸","東P"
"9031","西日本鉄道","東P"
"9037","ハマキョウレックス","東P"
"9039","サカイ引越センター","東P"
"9041","近鉄グループＨＬＤＧ","東P"
"9042","阪急阪神ＨＬＤＧ","東P"
"9044","南海電気鉄道","東P"
"9045","京阪ＨＬＤＧ","東P"
"9046","神戸電鉄","東P"
"9048","名古屋鉄道","東P"
"9052","山陽電気鉄道","東P"
"9055","アルプス物流","東P"
"9058","トランコム","東P"
"9064","ヤマトＨＬＤＧ","東P"
"9065","山九","東P"
"9066","日新","東P"
"9068","丸全昭和運輸","東P"
"9069","センコーグループＨＬＤＧ","東P"
"9070","トナミＨＬＤＧ","東P"
"9072","ニッコンＨＬＤＧ","東P"
"9075","福山通運","東P"
"9076","セイノーＨＬＤＧ","東P"
"9081","神奈川中央交通","東P"
"9090","ＡＺ−ＣＯＭ丸和ＨＬＤＧ","東P"
"9099","Ｃ＆ＦロジＨＬＤＧ","東P"
"9101","日本郵船","東P"
"9104","商船三井","東P"
"9107","川崎汽船","東P"
"9110","ＮＳユナイテッド海運","東P"
"9119","飯野海運","東P"
"9142","九州旅客鉄道","東P"
"9143","ＳＧ　ＨＬＤＧ","東P"
"9147","ＮＩＰＰＯＮ　ＥＸＰＲＥＳＳ","東P"
"9201","日本航空","東P"
"9202","ＡＮＡ　ＨＬＤＧ","東P"
"9216","ビーウィズ","東P"
"9247","TRE ＨＬＤＧ","東P"
"9248","人・夢・技術グループ","東P"
"9260","西本Ｗｉｓｍｅｔｔａｃ　ＨＬＤ","東P"
"9262","シルバーライフ","東P"
"9267","Ｇｅｎｋｙ　ＤｒｕｇＳｔｏｒｅ","東P"
"9273","コーア商事ＨＬＤＧ","東P"
"9274","ＫＰＰグループＨＬＤＧ","東P"
"9278","ブックオフグループＨＬＤＧ","東P"
"9279","ギフトＨＬＤＧ","東P"
"9301","三菱倉庫","東P"
"9302","三井倉庫ＨＬＤＧ","東P"
"9303","住友倉庫","東P"
"9304","澁澤倉庫","東P"
"9305","ヤマタネ","東P"
"9310","日本トランスシティ","東P"
"9319","中央倉庫","東P"
"9324","安田倉庫","東P"
"9325","ファイズＨＬＤＧ","東P"
"9336","大栄環境","東P"
"9347","日本管財ＨＬＤＧ","東P"
"9351","東洋埠頭","東P"
"9364","上組","東P"
"9381","エーアイテイー","東P"
"9384","内外トランスライン","東P"
"9385","ショーエイコーポレーション","東P"
"9386","日本コンセプト","東P"
"9401","ＴＢＳＨＬＤＧ","東P"
"9404","日本テレビＨＬＤＧ","東P"
"9405","朝日放送グループＨＬＤＧ","東P"
"9409","テレビ朝日ＨＬＤＧ","東P"
"9412","スカパーＪＳＡＴ　ＨＬＤＧ","東P"
"9413","テレビ東京ＨＬＤＧ","東P"
"9416","ビジョン","東P"
"9418","ＵＳＥＮ―ＮＥＸＴ　ＨＬＤＧ","東P"
"9419","ワイヤレスゲート","東P"
"9424","日本通信","東P"
"9432","日本電信電話","東P"
"9433","ＫＤＤＩ","東P"
"9434","ソフトバンク","東P"
"9435","光通信","東P"
"9438","エムティーアイ","東P"
"9449","ＧＭＯインターネットグループ","東P"
"9450","ファイバーゲート","東P"
"9468","ＫＡＤＯＫＡＷＡ","東P"
"9470","学研ＨＬＤＧ","東P"
"9474","ゼンリン","東P"
"9501","東京電力ＨＬＤＧ","東P"
"9502","中部電力","東P"
"9503","関西電力","東P"
"9504","中国電力","東P"
"9505","北陸電力","東P"
"9506","東北電力","東P"
"9507","四国電力","東P"
"9508","九州電力","東P"
"9509","北海道電力","東P"
"9511","沖縄電力","東P"
"9513","電源開発","東P"
"9514","エフオン","東P"
"9517","イーレックス","東P"
"9519","レノバ","東P"
"9531","東京瓦斯","東P"
"9532","大阪瓦斯","東P"
"9533","東邦瓦斯","東P"
"9534","北海道瓦斯","東P"
"9535","広島ガス","東P"
"9536","西部ガスＨＬＤＧ","東P"
"9543","静岡ガス","東P"
"9551","メタウォーター","東P"
"9600","アイネット","東P"
"9601","松竹","東P"
"9602","東宝","東P"
"9603","エイチ・アイ・エス","東P"
"9605","東映","東P"
"9612","ラックランド","東P"
"9613","エヌ・ティ・ティ・データ","東P"
"9616","共立メンテナンス","東P"
"9619","イチネンＨＬＤＧ","東P"
"9621","建設技術研究所","東P"
"9622","スペース","東P"
"9627","アインＨＬＤＧ","東P"
"9628","燦ＨＬＤＧ","東P"
"9629","ピー・シー・エー","東P"
"9644","タナベコンサルティンググループ","東P"
"9658","ビジネスブレイン太田昭和","東P"
"9663","ナガワ","東P"
"9672","東京都競馬","東P"
"9678","カナモト","東P"
"9682","ＤＴＳ","東P"
"9684","スクウェア・エニックスＨＬＤＧ","東P"
"9692","シーイーシー","東P"
"9697","カプコン","東P"
"9699","ニシオＨＬＤＧ","東P"
"9702","アイ・エス・ビー","東P"
"9706","日本空港ビルデング","東P"
"9715","トランス・コスモス","東P"
"9716","乃村工藝社","東P"
"9717","ジャステック","東P"
"9719","ＳＣＳＫ","東P"
"9722","藤田観光","東P"
"9729","トーカイ","東P"
"9735","セコム","東P"
"9739","ＮＳＷ","東P"
"9740","セントラル警備保障","東P"
"9742","アイネス","東P"
"9743","丹青社","東P"
"9744","メイテック","東P"
"9746","ＴＫＣ","東P"
"9749","富士ソフト","東P"
"9755","応用地質","東P"
"9757","船井総研ＨＬＤＧ","東P"
"9759","ＮＳＤ","東P"
"9765","オオバ","東P"
"9766","コナミグループ","東P"
"9769","学究社","東P"
"9783","ベネッセＨＬＤＧ","東P"
"9787","イオンディライト","東P"
"9788","ナック","東P"
"9790","福井コンピュータＨＬＤＧ","東P"
"9793","ダイセキ","東P"
"9795","ステップ","東P"
"9810","日鉄物産","東P"
"9824","泉州電業","東P"
"9830","トラスコ中山","東P"
"9831","ヤマダＨＬＤＧ","東P"
"9832","オートバックスセブン","東P"
"9837","モリト","東P"
"9842","アークランズ","東P"
"9843","ニトリＨＬＤＧ","東P"
"9850","グルメ杵屋","東P"
"9861","吉野家ＨＬＤＧ","東P"
"9869","加藤産業","東P"
"9880","イノテック","東P"
"9882","イエローハット","東P"
"9887","松屋フーズＨＬＤＧ","東P"
"9889","ＪＢＣＣ　ＨＬＤＧ","東P"
"9896","ＪＫ　ＨＬＤＧ","東P"
"9900","サガミＨＬＤＧ","東P"
"9902","日伝","東P"
"9928","ミロク情報サービス","東P"
"9932","杉本商事","東P"
"9934","因幡電機産業","東P"
"9936","王将フードサービス","東P"
"9946","ミニストップ","東P"
"9948","アークス","東P"
"9956","バローＨＬＤＧ","東P"
"9960","東テク","東P"
"9962","ミスミグループ本社","東P"
"9974","ベルク","東P"
"9983","ファーストリテイリング","東P"
"9984","ソフトバンクグループ","東P"
"9987","スズケン","東P"
"9989","サンドラッグ","東P"
"9990","サックスバー　ＨＬＤＧ","東P"
"9991","ジェコス","東P"
"9995","グローセル","東P"
"9997","ベルーナ","東P"
"コード","銘柄名","市場"
